{"vocabulary_": {"anxiety_1": 0, "fear_1": 3, "nervousness_1": 6, "nervousness_2": 7, "nervousness_3": 8, "fear_2": 4, "fear_3": 5, "anxiety_2": 1, "anxiety_3": 2, "sadness_1": 9, "sadness_2": 10, "sadness_3": 11, "suffering_1": 15, "suffering_2": 16, "suffering_3": 17, "shame_1": 12, "shame_2": 13, "shame_3": 14}, "idf_": [2.7825597723296314, 2.7825597723296314, 2.7825597723296314, 2.7825597723296314, 2.7825597723296314, 2.7825597723296314, 2.7825597723296314, 2.7825597723296314, 2.7825597723296314, 2.7825597723296314, 2.7825597723296314, 2.7825597723296314, 2.7825597723296314, 2.7825597723296314, 2.7825597723296314, 2.7825597723296314, 2.7825597723296314, 2.7825597723296314], "params": {"analyzer": "word", "binary": false, "decode_error": "strict", "dtype": "float64", "encoding": "utf-8", "input": "content", "lowercase": true, "max_df": 1.0, "max_features": null, "min_df": 1, "ngram_range": [1, 1], "norm": "l2", "preprocessor": null, "smooth_idf": true, "stop_words": null, "strip_accents": null, "sublinear_tf": false, "token_pattern": "(?u)\\b\\w\\w+\\b", "tokenizer": null, "use_idf": true, "vocabulary": null}}